,precision,recall,f1-score,support
0,0.9998979552499756,0.9955049229108954,0.9976966032817747,442929.0
1,0.7249620113275315,0.9914982051766484,0.8375359080753272,5293.0
accuracy,0.9954576080602916,0.9954576080602916,0.9954576080602916,0.9954576080602916
macro avg,0.8624299832887535,0.9935015640437719,0.917616255678551,448222.0
weighted avg,0.9966512695647984,0.9954576080602916,0.9958052847839594,448222.0
